{
  "assetsByChunkName": {
    "vendors~app-account~app-confirmation~app-order": "chunk.6b4d075a118a9f37038b.js",
    "vendors~app-account~app-checkout": "chunk.b6586ace2a20994f7d41.js",
    "vendors~app-cart~app-checkout": "chunk.0fcb24547a2e469eecb2.js",
    "admin": [
      "admin.32686c4ac68fe89af257.js",
      "admin.32686c4ac68fe89af257.js.map"
    ],
    "app-account": "chunk.a5cf4dacb6913403a17f.js",
    "app-confirmation": "chunk.866a03f32901f6eb74af.js",
    "app-order": "chunk.3a49acb9492f03168a4b.js",
    "checkout": [
      "checkout.d3ff46efe5feff060da2.js",
      "checkout.d3ff46efe5feff060da2.js.map"
    ],
    "storefront": [
      "storefront.599de6f4b7083b9055b5.css",
      "storefront.c5b33455919f18595997.js",
      "storefront.599de6f4b7083b9055b5.css.map",
      "storefront.c5b33455919f18595997.js.map"
    ],
    "vendors~app-cart": "chunk.95ad034ff9974a5e484a.js",
    "vendors~app-checkout": "chunk.e4a4f07585c8de2ee972.js"
  }
}