{
  "meta_title": "",
  "meta_description": "",
  "sections": [
    {
      "type": "banner-slider",
      "autoplay": 9000,
      "slides": [
        {
          "img": "/img/uploads/banner-principal.jpg",
          "link": "/",
          "alt": "Tropical Banhos",
          "start": "",
          "end": ""
        }
      ]
    },
    {
      "type": "info-bar",
      "enabled": false
    },
    {
      "type": "responsive-banner",
      "img": "/img/uploads/tarja.png",
      "alt": "Tarja Informações",
      "mobile_img": ""
    },
    {
      "type": "brands-carousel",
      "limit": 10,
      "offset": 0,
      "sort": null,
      "autoplay": 1000
    },
    {
      "type": "banners-grid",
      "banners": [
        {
          "img": "/img/uploads/mini-banner.jpg",
          "alt": "",
          "link": "",
          "mobile_img": ""
        },
        {
          "img": "/img/uploads/mini-banner.jpg",
          "alt": "",
          "link": "",
          "mobile_img": ""
        },
        {
          "img": "/img/uploads/mini-banner.jpg",
          "alt": "",
          "link": "",
          "mobile_img": ""
        }
      ]
    },
    {
      "type": "collection-shelf",
      "shuffle": true,
      "collection_id": null
    },
    {
      "type": "banners-grid",
      "banners": [
        {
          "img": "/img/uploads/image1.jpg",
          "alt": "",
          "link": "",
          "mobile_img": ""
        },
        {
          "img": "/img/uploads/imagem2.jpg",
          "alt": "",
          "link": "",
          "mobile_img": ""
        },
        {
          "img": "/img/uploads/imagem3.jpg",
          "alt": "",
          "link": "",
          "mobile_img": ""
        }
      ]
    },
    {
      "type": "collection-shelf",
      "shuffle": true,
      "collection_id": null
    }
  ]
}
